{"cameraMode":{"drawMode":0,"name":"Shaded","section":"Shading Mode"},"sceneLighting":true,"audioPlay":false,"sceneViewState":{"m_AlwaysRefresh":false,"showFog":true,"showSkybox":true,"showFlares":true,"showImageEffects":true,"showParticleSystems":true,"showVisualEffectGraphs":true,"m_FxEnabled":true},"in2DMode":false,"pivot":{"x":876.2620239257813,"y":60.74161148071289,"z":435.8348388671875},"rotation":{"x":0.12349703907966614,"y":-0.8391456007957459,"z":0.23895923793315888,"w":0.47511422634124758},"size":0.5388814806938171,"orthographic":false}