{"cameraMode":{"drawMode":0,"name":"Shaded","section":"Shading Mode"},"sceneLighting":true,"audioPlay":false,"sceneViewState":{"m_AlwaysRefresh":false,"showFog":true,"showSkybox":true,"showFlares":true,"showImageEffects":true,"showParticleSystems":true,"showVisualEffectGraphs":true,"m_FxEnabled":true},"in2DMode":false,"pivot":{"x":503.83087158203127,"y":229.7738037109375,"z":-0.17724609375},"rotation":{"x":-0.007499245926737785,"y":0.013499211519956589,"z":0.00010124599793925881,"w":0.9998806118965149},"size":261.94122314453127,"orthographic":true}